Type,Master Customer Name Canonical,Field,Override,Output
MissingCanonical,AMCOR RIGID PLASTICS USA AMCOR RIGIDS,,,
MissingCanonical,CENTERVILLECINCINNATI,,,
MissingCanonical,CORE GROUP CORE RESOURCES CORE OF SCOTTSVILLE,,,
MissingCanonical,CORNERSTONE COMPANIES CORNERSTONE SERVICES,,,
MissingCanonical,DIRECTOR OF CHOICE GRANTS TN DOE,,,
MissingCanonical,DTWPH2 DTWP,,,
MissingCanonical,INDYLEX,,,
MissingCanonical,LEE LELLYETT AND ROGERS LEWIS THOMASON,,,
MissingCanonical,LEMON D BIKES LEMOND BIKES,,,
MissingCanonical,MELROSE PLACE GP,,,
MissingCanonical,MELROSE PLACE GP DBA MELROSE PLACE,,,
MissingCanonical,NORTHPOINT DEVELOPMENT,,,
MissingCanonical,NP DAYON BUILDING VIII NP DWBA NP FTC LLL,,,
MissingCanonical,PANDORA JEWELLERY INCL PANDORA S9,,,
MissingCanonical,PEARSON VUE INDYLEX,,,
MissingCanonical,PG AND A PGNA PGNA,,,
MissingCanonical,RITETRACK RITWAY,,,
MissingCanonical,RUSH ENTERPRISES RUSH TRUCK CENTERS,,,
MissingCanonical,SCGIV KARCHS CROSSING SCGIXHARVEST TOWNE SCGVI WASHINGTON MARKET,,,
MissingCanonical,SILCO FIRE AND SECURITY CENTERVILLECINCINNATI,,,
MissingCanonical,TIPPECANOE SCHOOL CORPORATION,,,
MissingCanonical,WSAZ WVLT TV CHANNEL 8,,,
