Master Customer Name Canonical,Company Website
# Example:,
# MORNING POINTE,morningpointe.com
45NINETY CONSTRUCTION,45ninety.com
ABB OPTICAL GROUP,abboptical.com
ABSOLUTE VALUE MANAGEMENT,avmre.com
ACCENTURE LLP,accenture.com
ADAIR COUNTY FISCAL COURT,adair.ky.gov
AIGC SOLUTIONS,aigcsolutions.com
AL NEYER,alneyer.com
ALBERT M HIGLEY,amhigley.com
ALLIED SUPPLY,alliedsupply.com
ALPHA TECHNOLOGIES SERVICES,alpha.com
ALT AND WITZIG ENGINEERING,altwitzig.com
AMAZON,amazon.com
AMCOR RIGIDS,amcor.com
AMERICAN FUJI SEAL,fujiseal.com
AMERICAN GREETINGS,americangreetings.com
AMERICAN HERMETIC,americanhermetics.net
AMERICAN HOUSE HALLS,americanhouse.com
AMERICAN REGENT,americanregent.com
AMERICAN STANDARD,americanstandard-us.com
AMERICAS COLLECTIBLES NETWORK,jtv.com
AMERIMED,amerimed.net
AMERIPLEX 2,holladayproperties.com
ANCRA CARGO,ancracargo.com
ANSWERS IN GENESIS OF KY,answersingenesis.org
AP TECH GROUP,aptechgroup.com
AQUISENSE,aquisense.com
ARC,e-arc.com
ARCHDIOCESE OF CINCINNATI,catholicaoc.org
ARCO MURRAY NATIONAL CONST,arcomurray.com
ARKU,arku.com
ARMSTRONG RELOCATION LOUISVILLE,goarmstrong.com
ARROW WINE AND SPIRITS,arrowwineandspirits.com
ARTAZN,artazn.com
ARTISAN MECHANICAL,artisan-mech.com
ASHBUSTERS CHIMNEY SERVICE,ashbusters.net
ATLAS AIR,atlasair.com
AUGLAIZE COUNTY OH,auglaizecounty.org
AUSTIN LANDING NORTH,austinlanding.com
AVI FOODSYSTEMS,avifoodsystems.com
BEACON ORTOHOPAEDICS,beaconortho.com
BELCAN,belcan.com
BELFLEX STAFFING NETWORK,belflex.com
BELTERRA RESORT INDIANA,belterracasino.com
BELTONE,beltone.com
BENISON,thebenison.com
BERNARD LABORATORIES,bernardlab.com
BEST SANITIZERS,bestsanitizers.com
BESTONE TIRE AND SERVICE OF LIMA,bestonecommercial.com
BGIS US RE REGIONS,bgis.com
BGR,bgrinc.com
BLUE BUFFALO,bluebuffalo.com
BLUE RIDGE REALTY,blueridgecos.com
BLUE STAR,bluestarinc.com
BOB SUMEREL TIRE,bobsumereltire.com
BONITZ,bonitz.com
BOURBON COUNTY FISCAL COURT,bourbonky.com
BOYLE COUNTY FISCAL COURT,boylecountyky.gov
BRIGHT FARMS GREENHOUSE,brightfarms.com
BRIGHTON MILLS,brightonmills.com
BRIGHTVIEW HEALTH,brightviewhealth.com
BUILDING MANAGEMENT PARTNERS,buildingmanagementpartners.com
BUNZL,bunzl.com
BUTLER RURAL ELECTRIC COOPERATIVE,butlerrural.coop
BWAY,mauserpackaging.com
CABLEMASTER,cablemaster.com
CAMPBELLS SNACKS,thecampbellscompany.com
CARTER COUNTY FISCAL COURT,cartercountyky.com
CB RICHARD ELLIS,cbre.com
CBRE,cbre.com
CER SERVICES,cerservicesllc.com
CEREDO MANOR,nationalchurchresidences.org
CERTUS MEDICAL,certusmedsolutions.com
CH2MHILL,jacobs.com
CHARTER COMMUNICATIONS,charter.com
CHEIF LOGAN STATE PARK,wvstateparks.com
CHEMIE TEK,chemietek.com
CHEROKEE MILLWRIGHT,cherokeemillwright.com
CHICKFILA,chick-fil-a.com
CHRISTEL HOUSE WEST,christelhouse.org
CHRISTIE COOKIE,christiecookies.com
CINCINNATI BELTING AND TRANSMISSION,cbtcompany.com
CINCINNATI CENTER FOR AUTISM,cincinnaticenterforautism.org
CINCINNATI CHILDRENS MED CENTER,cincinnatichildrens.org
CINCINNATI FACIAL PLASTICS,cincyfacialplastics.com
CINCINNATI MILACRON,milacron.com
CINCINNATI TENNIS LINDNER FAMILY TENNIS CENTER,cincytennis.com
CINCINNATI TOOLBANK,cincinnatitoolbank.org
CINTAS,cintas.com
CITIMARK MANAGEMENT,citimarkinc.com
CITY LINK CENTER,citylinkcenter.org
CITY OF CYNTHIANA,cynthianaky.com
CITY OF FRANKLIN IN,franklin.in.gov
CITY OF HAMMOND IN,gohammond.com
CITY OF LAWRENCE INDIANA,cityoflawrence.org
CITY OF MONROE,monroeohio.org
CITY OF NORTH COLLEGE HILL,northcollegehill.org
CITY OF SOUTH CHARLESTON WV,cityofsouthcharleston.com
CITY OF ST BERNARD,cityofstbernard.org
CLARKE AMERICANMIRC EXPRESS,clarkeamerican.com
CLINTON COUNTY OH,clinton.oh.us
COLD JET,coldjet.com
COLLIERS,colliers.com
CORE CONSTRUCTION,coreconstruction.com
CORNERSTONE LUTHERAN CHURCH,cornerstonelutheran.church
CROCS,crocs.com
CUSHMAN AND WAKEFIELD,cushmanwakefield.com
DAE IL USA,daeilusa.com
DALTILE,daltile.com
DANA DANVILLE,dana.com
DANA LOUISVILLE,dana.com
DANIMER SCIENTIFIC KENTUCKY,danimerscientific.com
DANIS,danis.com
DANIS BUILDING,danis.com
DATA TECH DEPOT HAMILTON,dtdi.com
DAYTON ART INSTITUTE,daytonartinstitute.org
DAYTON MASONIC CENTER,daytonmasoniccenter.org
DAYTON PUBLIC SCHOOLS,dps.k12.oh.us
DCM PRODUCTS,dcmproducts.com
DEACONESS MEMORIAL,deaconess.com
DEBRAKUEMPEL,debra-kuempel.com
DECEUNINCK NORTH AMERICA,deceuninckna.com
DEERFIELD TOWNSHIP,choosedeerfield.com
DELTA HOTELS ASHLAND DOWNTOWN,marriott.com
DEMING ENTERPRISE,demingenterprises.net
DENHAMBLYTHE,denhamblythe.com
DENNIS GROUP,dennisgroup.com
DEPENDABLE SUPPLY CHAIN SERVICES,gowithdependable.com
DER DEVELOPMENT,derdevelopment.com
DEX IMAGING,deximaging.com
DHL,dhl.com
DIGITAL FUTURES OFFICE 2,digitalfuturescomplex.com
DIRECTOR OF CHOICE GRANTS TENNESSE DEPARTMENT OF EDUCATION,tn.gov
DISTRIBUTION INTERNATIONAL,distributioninternational.com
DIVERSIFIED GAS AND OIL,div.energy
DIXON BAYCO,dixonvalve.com
DNU IN MOTION ORTHOPAEDICS,motionorthodocs.com
DNU LIFETIME PRODUCTS,lifetime.com
DOLE FRESH VEGETABLES,dole.com
DOMESTIC UNIFORM RENTAL,domesticuniform.com
DOMINICAN FATHERS PROVINCE OF ST JOSEPH,opeast.org
DONALDSON,donaldson.com
DORMAN PRODUCTS,dormanproducts.com
DOWNTIME REBUILD,downtimerebuild.com
DPSG,keurigdrpepper.com
DR ELI KARAM PHD,elikaram.com
DR MONICA NEWBY,newbyorthodontics.com
DR NEWBY,newbyorthodontics.com
DUGAN AND MEYERS,dugan-meyers.com
DUNNHUMBY,dunnhumby.com
DURO DYNE,durodyne.com
EAGLE REALTY GROUP,eaglerealtygroup.com
EASTWAY SUPPLIES,eastwaysupplies.com
EBY BROWN,eby-brown.com
EC SHAW,ecshaw.com
ECL CORBIN DBA THE MINT GAMING HALL,themintgaming.com
ECO TEC ENGINEERING,ecotecengineering.com
ED BULLARD,bullard.com
EDFINANCIAL SERVICES BILLING,edfinancial.com
EGC,egcgraphite.com
EI CERAMICS,eiceramics.com
ELEMENT MATERIALS TECHNOLOGY,element.com
ELITAIRE,elitaire.com
ELLISON TECHNOLOGIES,ellisontechnologies.com
ELMINGTON CAPITAL GROUP,elmington.com
EMBASSY SUITES CHARLESTON,hilton.com
EMBRAER AIRCRAFT MAINTENANCE,embraer.com
EMCOR FACILITY SERVICES,emcorfacilities.com
EMERGENCY RADIO SERVICES,erswireless.com
EMERSON HERMETIC MOTOR,emerson.com
EMILY LICHTENBERG CONSTRUCTION,mlichtenberg.com
EMJ,emjmetals.com
EMPLOYERS RESOURCE ASSOCIATION,hrxperts.org
ENABLE INJECTIONS,enableinjections.com
ENDRESS AND HAUSER,endress.com
ENERGY OPTIMIZERS USA,energyoptusa.com
ENERGY SOLUTIONSDURATEK,energysolutions.com
ENERGY SYSTEMS GROUP,energysystemsgroup.com
ENPROTEC,enprotec.com
ENVIRONMENTAL AIR PRODUCTS,eapnet.com
ENVISIONAIRE,envisionaire.com
ENZO BUILDING AND DESIGN,enzobuilding.com
EPHRAIM MCDOWELL HEATH,emhealth.org
EPSON AMERICA,epson.com
EQM GATHERING OPCO,equitransmidstream.com
EQT,eqt.com
EQUIPMENT DEPOT OHIO,eqdepot.com
EQUITRANS MIDSTREAM,equitransmidstream.com
EQUITY GROUP FIVE,groupfiveinc.com
EQUIVIS NORA,equivis.com
ESCAPE GAME,theescapegame.com
ESI CONSTRUCTORS,esiconstruction.com
ESKOLA,eskola.com
ESSITY OPERATIONS WAUSAU US31HA,essity.com
ETHOS LABORATORIES,ethos-labs.com
EUBEL BRADY AND SUTTMAN,ebsinvests.com
EUROPEAN WAX CENTERS,waxcenter.com
EUROSTAMPA,eurostampa.com
EVANS ENERGY,evansenergyllc.com
EVENFLO,evenflo.com
EW SCRIPPS,scripps.com
EXCEL CLIPS,excelclips.com
EXPRESSION MANUFACTURING,expressiontherapeutics.com
FACILITY GATEWAY,facilitygateway.com
FAMILY NURTURING,familynurture.org
FAST OF NORTHWEST OHIO,fastnwo.org
FAZIO CDBA VOODOO BREWING,voodoobrewery.com
FECON,fecon.com
FEDERATED LOGISTICS,fedlogistics.com
FEINTOOL CINCINNATI,feintool.com
FERGUSON BATH AND KITCHEN GALLERY,ferguson.com
FESTO,festo.com
FIERA CAPITAL,fieracapital.com
FINNEGAN AND JAMES,finneganandjames.com
FIRESTONE DIVERSIFIED PRODUCTS,firestoneairide.com
FIRESTONE INDUSTRIAL PRODUCTS,firestoneairide.com
FIRST BAPTIST CHURCH OF BOWLING GREEN,firstbaptistbg.org
FIRST FEDERAL BANK,ffbtn.com
FIRST STUDENT,firststudentinc.com
FISHER AUTO PARTS,fisherautoparts.com
FISHER SCIENTIFIC,fishersci.com
FIVE BELOW,fivebelow.com
FIVES,fivesgroup.com
FIVES INTRALOGISTICS,fivesgroup.com
FLAGSHIP HEALTHCARE PROPERTIES,flagshiphp.com
FLEXPAC,flexpac.com
FLINT GROUP,flintgrp.com
FLORIM USA,milestonetiles.com
FLOWERS BAKERY,flowersfoods.com
FLOWERS BAKING CROSSVILLE,flowersfoods.com
FLUID HANDLING TECHNOLOGY,fluidhandlingtechnology.com
FLUTES HANNA AVE,flutescorrugated.com
FOCALPOINT COMMUNICATIONS,focalpointcommunications.com
FOUR STAR MECHANICAL,fourstarmechanical.com
FOX 56 NEWS WDKY,fox56lexington.com
FRANKLIN BRAZING AND METAL TREATMENT,franklinbrazing.com
FREEMAN EXPOSITIONS,freeman.com
FREEMAN SCHWABE,freemanschwabe.com
FRESENIUS MEDICAL CARE,freseniusmedicalcare.com
FRONTIER COMMUNICATIONS,frontier.com
FRYE MECHANICAL,fryehvac.com
FT SCOTT HOA,ftscotthoa.com
FULL BEAUTY BRANDS,fullbeauty.com
FUZZY ZOELLERS GOLF COURSES,fuzzygolf.com
G AND D CHILLERS,gdchillers.com
G AND J PEPSI,gjpepsi.com
GAIAM,gaiam.com
GALATIANS TOO,galatianstoo.org
GALATIANS TOO III IV,galatianstoo.org
GALLANT BUILDING SOLUTIONS,egallant.com
GAMES AND THINGS,ourgameroom.com
GANDY SEAFOOD MARKET,gandyseafoodco.com
GARDNER BUSINESS MEDIA,gardnerweb.com
GBBN ARCHITECTS,gbbn.com
GCP APPLIED TECHNOLOGIES,gcpat.com
GDOBA KINGSTON PIKE,qdoba.com
GE ON WING SUPPORT,geaerospace.com
GENCANNA ACQUISITION,gencanna.com
GENERA ENERGY,generaenergy.com
GENERAL CABLE,prysmian.com
GENERAL POLYMERS,generalpolymers.com
GENESCO JOURNEYS,journeys.com
GEORGE STEEL FABRICATING,georgesteel.com
GF FRANK AND SONS,gffrankandsons.com
GHENT MANUAFACTURING,ghent.com
GILKEY WINDOWS,gilkey.com
GLR,glrinc.net
GNC,gnc.com
GOOD HUBER MOB,goodhuber.com
GORDIAN DESIGN AND CONSTRUCTION,gordianconstruction.com
GORILLA GLUE,gorillatough.com
GOSIGER MACHINE TOOLS,gosiger.com
GOULD AND SMITH CRANE RENTAL,gouldandsmithcrane.com
GRAND PARK SPORTS AND ENTERTAINMENT,grandpark.org
GRAPHIC VILLAGE,graphicvillage.com
GRAPHIC VILLAGE BLUE ASH,graphicvillage.com
GRAYBAR,graybar.com
GREAT CLIPS OHIO,greatclips.com
GREAT LAKES ACE HARDWARE,greatlakesace.com
GREAT LAKES CHEESE,greatlakescheese.com
GREAT LAKES COCA COLA DISTRIBUTION,reyescocacola.com
GREAT SMOKY MOUNTAINS HERITAGE CENTER,gsmheritagecenter.org
GREATER CLARK COUNTY SCHOOLS,gccschools.com
GREATER HAMILTON CIVIC THEATER,ghctplay.org
GREEN HILLS GRILLE,ghgrille.com
GREENFIELD GLOBAL USA,greenfield.com
GREENUP COUNTY FISCAL COURT,greenupcountyky.gov
GREIF,greif.com
GREYHOUND TAVERN,greyhoundtavern.com
GRIFFIN ELITE SPORTS AND WELLNESS,griffinelite.com
GXO LOGISTICS SUPPLY CHAIN,gxo.com
H AND R BLOCK,hrblock.com
HABEGGER CAC,habeggercorp.com
HABILITATION SERVICES,sawinc.org
HAMILTON SAFE,hamiltonsafe.com
HAMMACHER SCHLEMMER,hammacher.com
HAMPTON LUMBER SALES,hamptonlumber.com
HANGER,hanger.com
HARMONY AT TUCKER STATION,harmonyseniorservices.com
HARPER AUTO,harperauto.com
HARRINGTON PLASTICS,hipco.com
HARVIA US,harvia.com
HAYDEN,haydenindustrial.com
HAYNEEDLE,hayneedle.com
HAZAMA,ad-hzm.co.jp
HBCII,hbc-ii.com
HDR,hdrinc.com
HEARTLAND FACILITIES,heartlandfacilities.com
HENKLE SCHUELER,schuelergroup.com
HENRY SCHEIN,henryschein.com
HERO FACILITY SERVICES,herofacilityservices.com
HERON TECHNOLOGIES USA DBA AKH HERON TECHNOLOGIES,akhfas-ner.com
HEXA AMERICAS,unknown
HILLMAN GROUP,hillmangroup.com
HIS CONSTRUCTORS,hisconstructors.com
HITE ASSOICATES,hiteassoc.com
HOBSONS,hobsons.com
HOLISTIC CONNECTION,theholisticconnectiontn.com
HOLLAND COLOURS AMERICA,hollandcolours.com
HOLROB COMMERCIAL REALTY,holrob.com
HOLROB SCHAFFLER PARTNERSHIP,holrob.com
HOME DEPOT,homedepot.com
HOME SHOPPING NETWORK,hsn.com
HONDA TRANSMISSION PLANT,honda.com
HONEYWELL INTELLIGRATED,intelligrated.com
HOT TOPIC AND TORRID WAREHOUSE,hottopic.com
HOUSTON JOHNSON,houston-johnson.com
HOWMET AEROSPACE,howmet.com
HT HACKNEY,hthackney.com
HT HACKNEY WV,hthackney.com
HTI LOGISTICS,hti-logistics.com
HUBBARD CINCINNATI,hubbardcincinnati.com
HUBER ENGINEERED WOODS,huberwood.com
HUBER GENERAL CONTRACTING,hubergc.com
HUDAWN,hudawnconstruction.com
HUEBER BROTHERS,hueberhomes.com
HUNT BUILDERS,huntbuilders.com
HVAC TECHNOLOGIES,hvactechnologies.com
HYDRONIC AND STEAM EQUIPMENT,hydstm.com
HYLANT GROUP,hylant.com
I HERB,iherb.com
I3 INVESTORS,i3investors.com
IDEALEASE,idealease.com
IDI COMPOSITES,idicomposites.com
IENJOY HOME,ienjoyhome.com
IKRON,ikroncorp.com
IMPACT SERVICE GROUP,impactsg.com
IN MOTION ORTHOPADEICS,inmotionoc.com
INDEX,indexagency.com
INDIANA PODIATRY GROUP,indianapodiatrygroup.com
INDIANA SPINE GROUP MUNCIE,indianaspinegroup.com
INDUSTRIAL SORTING SERVICES,industrialsorting.com
INFINITI PLASTICS AND ENGINEERING,infinitiplastics.com
INGERSOLL-RAND,irco.com
INGREDION,ingredion.com
INNERWOOD AND,innerwood.com
INNOVATIVE ENERGY SOLUTIONS,ies-usa.com
INSIGHT ENERGY SOLUTIONS,insightenergy.com
INTELLIGRATED,intelligrated.com
INTERNATIONAL PAPER,internationalpaper.com
INTERNATIONAL TRUCK,internationaltrucks.com
INTERPLASTIC,interplastic.com
INTERTECH MECHANICAL SERVICES,intertechmechanical.com
INTRALOT,intralot.com
INX INTERNATIONAL,inxinternational.com
IPEG BILLING,ipeg.net
ITW,itw.com
ITW FOOD EQUIPMENT GROUP,itwfoodequipment.com
IVAX PHARMACEUTICALS,ivax.com
IVEY MECHANICAL,iveymechanical.com
JA FIELDEN,jafielden.com
JABIL CIRCUIT,jabil.com
JACKSON CONTROL,jacksoncontrol.com
JAGUAR LAND ROVER CINCINNATI,jaguarcincinnatioh.com
JANELL CONCRETE,janell.com
JAYCO CLEANING TECHNOLOGIES,jaycocleaning.com
JDL WARM,jdlwarm.com
JEFF WYLER FAIRFIELD,jeffwylerfairfield.com
JEFFERSON COUNTY SCHOOLS,jc-tn.net
JEFFERSONVILLE ANIMAL SHELTER,jeffersonville.in.us
JENNIFER HAWKINS STATE FARM,statefarm.com
JESSAMINE COUNTY FISCAL COURT,jessamineky.gov
JF BERNS,jfberns.com
JLL PROPERTY MANAGEMENT,jll.com
JM SMUCKER,jmsmucker.com
JN LINROSE,jnlinrose.com
JOHNSON AND GALYON,johnsongalyon.com
JOHNSONNORTHWEST,johnson-northwest.com
JONES LANG LASALLE AMERICAS,us.jll.com
JONES LANG LASALLE JLL AMAZON,us.jll.com
JOY GLOBAL UNDERGROUND MINING,joyglobal.com
JS HELD,jsheld.com
JTEKT NORTH AMERICA,jtekt-na.com
JW HARRIS,jwharris.com
JW MARRIOTT,marriott.com
JWF TECHNOLOGIES,jwftech.com
K4 ARCHITECTURE,k4architecture.com
KAESER AND BLAIR,kaeser-blair.com
KAJIMA BUILDING AND DESIGN GROUP,kbdgroupusa.com
KAO BRANDS,kaobrands.com
KBC BUYER DBA KLOSTERMAN BAKING,klostermanbakery.com
KBD GROUP,kbdgroupusa.com
KDC ONE,kdc-one.com
KEENLAND HEIGHTS,keenelandcrest.info
KEIDEL SUPPLY,keidel.com
KELLER WAREHOUSING AND PACKING,kellerlogistics.com
KENCO LOGISTIC SERVICES,kencogroup.com
KENCO LOGISTICS,kencogroup.com
KENTUCKY BLOOD CENTER,kybloodcenter.org
KENTUCKY UNDERGROUND STORAGE,kentuckyunderground.com
KENTWOOD OFFICE FURNITURE,kentwoodoffice.com
KEYME,key.me
KI USA,kiusa.com
KID CITY USA FRANKLIN,kidcityusa.com
KIESLAND,kiesland.com
KINDEVA,kindevadd.com
KKT CHILLERS,kkt-chillersusa.com
KY SMELTING TECHNOLGIES,kstparis.com
LANDFORM,landformteam.com
LASERSHIP DBA ONTRAC,ontrac.com
LAWRENCE BROTHERS,lbimanufacturing.com
LAWRENCE COUNTY OH,lawrencecounty.org
LEMOND BIKES,lemond.com
LEMOND COMPOSITES,lemondcarbon.com
LENNOX INDUSTRY WARRANTY DEPT,lennoxpros.com
LEOPARDO COMPANIES,leopardo.com
LEVI STRAUSS AND,levistrauss.com
LHP TELEMATIC,lhptelematics.com
LIFETIME PRODUCTS,lifetime.com
LIMA USA,limacorporate.com
LOUISVILLE ILAL OPERATIONS DBA HARMONY AT TUCKER STATION,harmonyseniorservices.com
LOUISVILLE VEGAN JERKY,lvjco.com
MA FOLKES,mafolkes.com
MADISON COUNTY FISCAL COURT,madisoncountyky.gov
MADISON FARM,the-madison-farm.square.site
MADISONCHAMPAIGN EDUCATIONAL SERVICE CENTER,mccesc.org
MAGNA PROPERTIES,magnaproperties.com
MANTIS INNOVATION,mantisinnovation.com
MARK SPAULDING CONSTRUCTION,markspaulding.com
MARKSBURY FARM,marksburyfarm.com
MARSHALL RECREATION CENTER,marshall.edu
MARTIN BROWER,martinbrower.com
MASS MARKETING,massmarketinginc.com
MASSEY SERVICES,masseyservices.com
MASTERS PHARMACEUTICALS,mastersglobal.com
MASTRONARDI BEREA,sunsetgrown.com
MATRIX TECHNOLOGIES,matrixti.com
MAX TECHNICAL TRAINING,maxtrain.com
MAYERSON THE,themayersoncompany.com
MAZAK,mazakusa.com
MBM REFRIGERATION,mbmrefrigeration.com
MCLEAN COUNTY FISCAL COURT,mcleancounty.ky.gov
MCQUAY INTERNATIONAL,daikinapplied.com
MECO,mecocorp.com
MEGACITY OF CINCINNATI,megacityofcincinnati.com
METZCOR,metzcor.com
MIDWEST PROPERTIES,mw1corp.com
MIDWEST SEA SALT,midwestseasaltcompany.com
MILLAN ENTERPRISES,millanenterprises.com
MILLAT INDUSTRIES,millatindustries.com
MILLERS TEXTILE SERVICES,millerstextile.com
ML BARNARD,mlbarnard.com
MOMENTUM,momentumbuilds.com
MONAIRE,monaire.ai
MORGAN COUNTY IN,morgancounty.in.gov
MORNING POINTE,morningpointe.com
MOUNT VERNON DEVELOPMENTAL CENTER,dodd.ohio.gov
MS MCCLELLAN AND,msmcclellan.com
MSI EXPRESS,msiexpress.com
MT AND L,magticket.com
MUELLER,muellergas.com
MURPHY,murphynet.com
NASCO,nhknasco.com
NASHVILLE OPERA ASSOCIATION,nashvilleopera.org
NATIONAL BEDDING,serta.com
NEHEMIAH,nehemiahcompanies.org
NETFOR,netfor.com
NEW RIFF DISTILLING,newriffdistilling.com
NEWLY WEDS FOODS,newlywedsfoods.com
NEYER PROPERTIES,neyerproperties.com
NICKLES BAKERY,nicklesbakery.com
NLIGN ANALYTICS ETEGENT,nlign.com
NNODUM PHARMACEUTICALS,zikspain.com
NORTHPOINT DEVELOPMENT,northpointkc.com
OAK GROVE GAMING,oakgrovegaming.com
OHIO VALLEY CHAPTER ABC,ovabc.org
OLIVE GARDEN,olivegarden.com
OLIVERTOLAS HEALTHCARE PACKAGING,oliverhcp.com
OMNIA360 FACILITY SOLUTIONS,omnia360fs.com
ON DISPLAY,ondisplay.net
ORANGETHEORY FITNESS,orangetheory.com
OTICS USA,oticsusa.com
OVERBERG CONSTRUCTION,overbergconstruction.com
OWEN COUNTY FISCAL COURT,owencountyky.us
PACIFIC MANUFACTURING OHIO,pacific-ind.com
PANORAMA,panorama-apts.com
PARIS INDEPENDENT SCHOOLS,paris.kyschools.us
PASSAGEWAYS DBA ONBOARD,onboardmeetings.com
PATRIOT ARMOR,pasarmor.com
PAW PET ADVENTURES WORLDWIDE,petadventuresworldwide.com
PCL CONSTRUCTION SERVICES,pcl.com
PEACE COMMUNICATIONS,scipiotech.com
PEASLEE NEIGHBORHOOD CENTER,peasleecenter.org
PENSKE TRUCK LEASING,pensketruckleasing.com
PERFECTION GROUP,perfectiongroup.com
PETERSON,thepetersonco.com
PHILLIPS EDISON AND,phillipsedison.com
PIKEVILLE COLLEGE,upike.edu
PIONEER VOCATIONAL INDUSTRIAL SERVICES,pioneerservices.org
PITT AND FRANK,pittandfrank.com
PLANET XCHANGE,planetxchange.com
PNC BANK,pnc.com
PNK OHIO DBA BELTERRA PARK,belterrapark.boydgaming.com
POINT BLANK RANGE AND GUNSHOP,rangeusa.com
POINTE AT LIFESPRING,pointeatlifespring.com
POWELL COUNTY FISCAL COURT,powellcountyky.us
POWERHOUSE NOW CENTRAL REGION,powerhousenow.com
PRATT INDUSTRIES,prattindustries.com
PRECISION CONSTRUCTION MANAGEMENT,pcm-epc.com
PRO ONCALL TECHNOLOGIES,prooncall.com
PROFILE BY SANFORD,profileplan.com
PROMOTION,promotionmngt.com
PROSPIANT,prospiant.com
PROVIDENCE COMMERCIAL REAL ESTATE,providencecres.com
PRUDENT GROWTH OPERATION,prudentgrowthoperations.com
PULASKI COUNTY FISCAL COURT,pulaskigov.com
QUALITY CONTROLS,qcipanels.com
QUALITY INDUSTRIES DBA ANCHOR FABRICATION TN,anchorfabrication.com
QUANDELL GROUP,quandel.com
QUESTAR,questarsolutions.com
RA PHILLIPS INDUSTRIES,phillipsind.com
RADIUS CONSTRUCTION,radiusconstruction.com
RAMSEYS,ramseysdiners.com
REGENCY,regencycondos.com
REINHART FOOD SERVICE JOHNSON CITY,rfsdelivers.com
REINHART FOODSERVICE,rfsdelivers.com
RH SINCLAIR CONSTRUCTION,sinclairconst.com
RICH PRODUCTS GALLATIN,richsusa.com
RICHMOND AUTO PARTS TECHNOLOGY,raptech.com
RIVIAN,rivian.com
ROBERT W BAIRD AND,rwbaird.com
ROCKQUEST,rockquest.com
ROCKTENN,westrock.com
ROYAL SERVICES,royalsolves.com
RYANS ALL GLASS,ryansallglass.com
SAINT JAMES EPISCOPAL CHURCH,stjamescincy.org
SAKSCOM,saks.com
SAMS CLUB FC9475,samsclub.com
SANDPIPER DATA SYSTEMS,sandpiperdata.com
SATCO,satco-inc.com
SAVOR SEASONINGS,savorseasonings.com
SCENIC INDUSTRIES,scenicind.com
SCHAAD COMPANIES,schaadcompanies.com
SCHUMACHER DUGAN,schumacher-dugan.com
SCI,koellamoore.com
SERTA SIMMONS BEDDING,sertasimmons.com
SERVICE WHOLESALE,dtbdistributors.com
SEW EURODRIVE,sew-eurodrive.com
SHARES,sharesinc.com
SHERWOOD MIDWEST,sherwoodbedding.com
SHOOK,shookconstruction.com
SHOOT POINT BLANK,rangeusa.com
SILCO FIRE AND SECURITY,silcofs.com
SIMPSON ORGANIZATION,simpsonorganization.com
SINGLETON COMPANIES,singletoncompanies.com
SL TENNESSEE,slworld.com
SOLID BLEND TECHNOLOGIES,solidblendtechnologies.com
SOLTECH,sol-techgroup.com
SOUTH WESTERN COMMUNICATIONS,swc.net
SOUTHERN TENNESEE REGIONAL,southerntnlawrenceburg.com
SPOHN GLOBAL ENTERPRISES,spohnglobal.com
STOERMERANDERSON,stoermer-anderson.com
STRATFORD,stratford-living.com
SUMMIT EXPRESS POWELL,summitmedical.com
SUN CHEMICAL,sunchemical.com
SUNBELT RENTALS 1466,sunbeltrentals.com
SWAGGERTYS SAUSAGE,swaggertys.com
SYSTECON,systecon.com
T REX ARMS,trex-arms.com
TAYLORED FMI,tayloredservices.com
TECHMAH CMF,techmahcmf.com
TENBARGE,tenbargeseeds.com
TERA DATA,teradata.com
THERMATRONX,thermatronx.com
THOMA AND SUTTON OFC,thomaandsutton.com
THOMAS CLARK SOLUTIONS,thomasclark.solutions
THREE BOND INTERNATIONAL,threebond.com
TIPTON INTEREST,tiptoninterests.com
TIPTON MILLS FOODS,tiptonmills.com
TITLE BOXING CLUB,titleboxingclub.com
TOMZ,tomz.com
TOP SEED TENNIS CLUB,topseedtennis.net
TOPY AMERICA,topyamerica.com
TOWN AND COUNTRY INDUSTRIES,tc-alum.com
TOWNE PROPERTIES,towneproperties.com
TOYO AUTOMOTIVE PARTS USA,toyoautoparts.com
TOYOTA TSUSHO,toyotatsusho.com
TRACTOR SUPPLY,tractorsupply.com
TRADE MARK INDUSTRIAL,trade-markllc.com
TRANE,trane.com
TRANS AMERICAN MGMT,transamericanmgmt.com
TRANZONIC COMPANIES,tranzonic.com
TREALITY SVS,trealityservices.com
TRENWA,trenwa.com
TRILOGY,trilogyhs.com
TRILOGY HEALTH SERVICES,trilogyhs.com
TSC APPAREL,tscapparel.com
TTGROUP AMERICA,ttgroup.com
TUFF TORQ,tufftorq.com
TWIKTENN THE SIMPSON ORGANIZATION,simpsonorganization.com
U LINE,uline.com
UGN,ugn.com
UHAUL,uhaul.com
UNIFIRST,unifirst.com
UNIVERSAL TRANSPORTATION SYSTEMS,utsohio.com
URBAN STEAD CHEESE,urbansteadcheese.com
US CELLULAR,uscellular.com
US ZINC,uszinc.com
UTBATTELLE,ornl.gov
VALCOM ENTERPRISES,valcom.com
VALEO,valeo.com
VALOR OIL,valoroil.com
VAN CON,vanconinc.com
VANDERBILT CHEMICALS,vanderbiltchemicals.com
VENCO VENTURO,venturo.com
VGS BAKERY,vgsbakery.com
VIOX SERVICES,viox-services.com
VIRGINIA TILE,virginiatitle.com
VYTRON,vytron.com
WABTEC,wabteccorp.com
WALKENHORSTS,walkenhorsts.com
WALKER SCM AELSPAN,aelspan.com
WALMART,walmart.com
WATERS EDGE CHOCOLATES,watersedgechocolates.com
WAYFAIR,wayfair.com
WAYFAIR ERLANGER,wayfair.com
WAYFAIR FLORENCE,wayfair.com
WAYFAIR GROVEPORT,wayfair.com
WAYFAIR HEBRON,wayfair.com
WAYFAIR LOUISVILLE,wayfair.com
WAYFAIR WEST CHESTER,wayfair.com
WEBER HUFF,weberhuff.com
WEICHUAN USA,weichuanusa.com
WELLTOWER,welltower.com
WESTERN SOUTHERN,westernsouthern.com
WESTROCK,westrock.com
WESTROCK CINCINNATI,westrock.com
WHITE OAK ATHLETIC CLUB,whiteoakac.org
WIEDEMANN,wiedemannbeer.com
WINDSOR SUITES,windsorsuites.com
WKN ENTERPRISES DBA TITLE BOXING CLUB,titleboxingclub.com
WONTON FOOD TENNESSEE,wontonfood.com
WOODFORD COUNTY FISCAL COURT,woodfordcountyky.gov
WOOSTER MOTOR WAYS,woostermotorways.com
WORLDSOURCE INTEGRATION,worldsourceintegration.com
WSAZ,wsaz.com
WV OUTDOOR,wvtourism.com
XETRON,xetron.com
YAMOTA WEST,yamota.co.jp
YH AMERICA,yh-america.com
YKK AP,ykkap.com
YUSA,yusa.com
ZAMIAS SERVICES,zamias.com
ZIMMER CHYSLER JEEP DODGE,zimmermotors.com
